{
  "metadata": {
    "generated_at": "2025-06-17T11:16:43.217284",
    "total_records": 128134,
    "export_records": 48510,
    "import_records": 79624
  },
  "summary_statistics": {
    "total_exports": 670363000.3662,
    "total_imports": 811043253.0953999,
    "trade_balance": -140680252.7291999,
    "export_markets": 157,
    "export_products": 1073
  },
  "analysis_results": {
    "statistical": {
      "exports_stats": {
        "descriptive": {
          "count": 48510.0,
          "mean": 13819.068240902907,
          "std": 51274.37876474233,
          "min": 1000.031,
          "25%": 1667.7815,
          "50%": 3180.05605,
          "75%": 8501.9971,
          "max": 2123243.0
        },
        "skewness": 14.505293528630245,
        "kurtosis": 317.03755100688596,
        "jarque_bera": [
          204862627.30653575,
          0.0
        ],
        "shapiro_wilk": [
          0.210856496095426,
          2.511735935405314e-90
        ]
      },
      "imports_stats": {
        "descriptive": {
          "count": 79624.0,
          "mean": 10185.91446166231,
          "std": 46017.28895706485,
          "min": 1000.01,
          "25%": 1543.6875,
          "50%": 2664.6371,
          "75%": 6256.11365,
          "max": 2959386.3
        },
        "skewness": 22.890271356839456,
        "kurtosis": 852.5938858432419,
        "jarque_bera": [
          2418619449.8825874,
          0.0
        ],
        "shapiro_wilk": [
          0.18756546186270373,
          5.372936609598096e-91
        ]
      },
      "concentration": {
        "export_country_hhi": 0.08751669684560959,
        "export_country_gini": 0.8912013040464862,
        "import_country_hhi": 0.10616195288536323,
        "import_country_gini": 0.8975440070157478,
        "export_product_hhi": 0.3555726695224333,
        "export_product_gini": 0.9444412705907236
      },
      "correlations": {
        "exports": {
          "v": {
            "v": 1.0,
            "q": 0.31831187364632957,
            "unit_value": -0.002673071123798891,
            "hs2": 0.023403047565423957
          },
          "q": {
            "v": 0.31831187364632957,
            "q": 1.0,
            "unit_value": -0.0030858362084816558,
            "hs2": -0.12692982429645996
          },
          "unit_value": {
            "v": -0.002673071123798891,
            "q": -0.0030858362084816558,
            "unit_value": 1.0,
            "hs2": 0.014043250041448059
          },
          "hs2": {
            "v": 0.023403047565423957,
            "q": -0.12692982429645996,
            "unit_value": 0.014043250041448059,
            "hs2": 1.0
          }
        },
        "imports": {
          "v": {
            "v": 1.0,
            "q": 0.22835012088317902,
            "unit_value": 0.0030031971265376514,
            "hs2": -0.08264209467063269
          },
          "q": {
            "v": 0.22835012088317902,
            "q": 1.0,
            "unit_value": -0.0011929414412246507,
            "hs2": -0.05990204796731901
          },
          "unit_value": {
            "v": 0.0030031971265376514,
            "q": -0.0011929414412246507,
            "unit_value": 1.0,
            "hs2": 0.015896281878324477
          },
          "hs2": {
            "v": -0.08264209467063269,
            "q": -0.05990204796731901,
            "unit_value": 0.015896281878324477,
            "hs2": 1.0
          }
        }
      },
      "time_series": {
        "yearly_exports_data": [
          {
            "t": 1995,
            "v": 4076645.4302
          },
          {
            "t": 1996,
            "v": 4299088.2775
          },
          {
            "t": 1997,
            "v": 4903121.482
          },
          {
            "t": 1998,
            "v": 5128137.127
          },
          {
            "t": 1999,
            "v": 4605819.409
          },
          {
            "t": 2000,
            "v": 6506158.3003
          },
          {
            "t": 2001,
            "v": 6675103.3935
          },
          {
            "t": 2002,
            "v": 6597594.5023
          },
          {
            "t": 2003,
            "v": 7932689.5433
          },
          {
            "t": 2004,
            "v": 10017528.7908
          },
          {
            "t": 2005,
            "v": 10224848.1896
          },
          {
            "t": 2006,
            "v": 13705947.387
          },
          {
            "t": 2007,
            "v": 14509506.8765
          },
          {
            "t": 2008,
            "v": 16778596.4038
          },
          {
            "t": 2009,
            "v": 17559037.034
          },
          {
            "t": 2010,
            "v": 20435415.5133
          },
          {
            "t": 2011,
            "v": 26757742.0302
          },
          {
            "t": 2012,
            "v": 26994135.1613
          },
          {
            "t": 2013,
            "v": 30368121.6667
          },
          {
            "t": 2014,
            "v": 31724265.7493
          },
          {
            "t": 2015,
            "v": 34854720.9589
          },
          {
            "t": 2016,
            "v": 35765636.1
          },
          {
            "t": 2017,
            "v": 37398559.3264
          },
          {
            "t": 2018,
            "v": 43026686.2257
          },
          {
            "t": 2019,
            "v": 44963061.3952
          },
          {
            "t": 2020,
            "v": 39321421.8726
          },
          {
            "t": 2021,
            "v": 50695184.8497
          },
          {
            "t": 2022,
            "v": 63135732.3973
          },
          {
            "t": 2023,
            "v": 51402494.9728
          }
        ],
        "yearly_imports_data": [
          {
            "t": 1995,
            "v": 3547622.228
          },
          {
            "t": 1996,
            "v": 5132081.1931
          },
          {
            "t": 1997,
            "v": 5589648.0257
          },
          {
            "t": 1998,
            "v": 5999749.4448
          },
          {
            "t": 1999,
            "v": 4077295.4662
          },
          {
            "t": 2000,
            "v": 6970841.9518
          },
          {
            "t": 2001,
            "v": 7417138.6022
          },
          {
            "t": 2002,
            "v": 6717136.7193
          },
          {
            "t": 2003,
            "v": 8455930.7287
          },
          {
            "t": 2004,
            "v": 10268331.1233
          },
          {
            "t": 2005,
            "v": 11758413.6596
          },
          {
            "t": 2006,
            "v": 14448550.1359
          },
          {
            "t": 2007,
            "v": 16065879.1845
          },
          {
            "t": 2008,
            "v": 20685688.5682
          },
          {
            "t": 2009,
            "v": 20358942.9
          },
          {
            "t": 2010,
            "v": 27572119.7339
          },
          {
            "t": 2011,
            "v": 37306480.7459
          },
          {
            "t": 2012,
            "v": 33530165.4152
          },
          {
            "t": 2013,
            "v": 33971221.2946
          },
          {
            "t": 2014,
            "v": 36744800.1142
          },
          {
            "t": 2015,
            "v": 46126423.9775
          },
          {
            "t": 2016,
            "v": 39061761.0936
          },
          {
            "t": 2017,
            "v": 46110377.8292
          },
          {
            "t": 2018,
            "v": 52802126.6329
          },
          {
            "t": 2019,
            "v": 52934016.5134
          },
          {
            "t": 2020,
            "v": 45380411.7984
          },
          {
            "t": 2021,
            "v": 72577425.8598
          },
          {
            "t": 2022,